<?xml version="1.0" encoding="UTF-8" ?>
<!DOCTYPE struts PUBLIC
        "-//Apache Software Foundation//DTD Struts Configuration 2.5//EN"
        "http://struts.apache.org/dtds/struts-2.5.dtd">

<struts>

    <package name="classroom" namespace="/model/classroom" extends="struts-default,json-default">

        <interceptors>
            <interceptor name="statusInterceptor"
                         class="com.muhuan.utils.interceptor.StatusInterceptor" />
            <interceptor-stack name="deviceInterceptor">
                <interceptor-ref name="statusInterceptor"/>
                <interceptor-ref name="defaultStack"/>
            </interceptor-stack>
        </interceptors>


        <!-- 全局结果视图 -->
        <global-results>
            <result name="system_error">/WEB-INF/syspg/eropg.jsp</result>
            <result name="to_login">${pageContext.request.contextPath}/login.jsp</result>
            <result name="to_login_json">${pageContext.request.contextPath}/systemtologinjson.action</result>
        </global-results>

        <!--允许使用统配符-->
        <global-allowed-methods>regex:.*</global-allowed-methods>

        <!-- 全局异常处理 -->
        <global-exception-mappings>
            <exception-mapping result="system_error" exception="java.lang.Exception"/>
        </global-exception-mappings>

        <action name="*" class="com.muhuan.actions.ClassroomAction" method="{1}">
            <interceptor-ref name="deviceInterceptor"/>
            <result type="json" name="success">
                <param name="root">dataMap</param>
            </result>
        </action>

    </package>

</struts>
