<?xml version="1.0" encoding="UTF-8" ?>
<!DOCTYPE struts PUBLIC
        "-//Apache Software Foundation//DTD Struts Configuration 2.5//EN"
        "http://struts.apache.org/dtds/struts-2.5.dtd">

<struts>

    <package name="device" namespace="/model/device" extends="struts-default">

        <interceptors>
            <interceptor name="statusInterceptor"
                         class="com.muhuan.utils.interceptor.StatusInterceptor" />
            <interceptor-stack name="deviceInterceptor">
                <interceptor-ref name="statusInterceptor"/>
                <interceptor-ref name="defaultStack"/>
            </interceptor-stack>
        </interceptors>


        <!-- 全局结果视图 -->
        <global-results>
            <result name="system_error">/WEB-INF/syspg/eropg.jsp</result>
            <result name="to_login">${pageContext.request.contextPath}/login.jsp</result>
        </global-results>

        <!--允许使用统配符-->
        <global-allowed-methods>regex:.*</global-allowed-methods>

        <!-- 全局异常处理 -->
        <global-exception-mappings>
            <exception-mapping result="system_error" exception="java.lang.Exception"/>
        </global-exception-mappings>
        <action name="*" class="com.muhuan.actions.DeviceAction" method="{1}">
            <interceptor-ref name="deviceInterceptor"/>
            <result name="save_one_device" type="redirect">${pageContext.request.contextPath}/model/teacher_admin/add_device.jsp</result>
            <result name="save_multi_device" type="redirect">${pageContext.request.contextPath}/model/teacher_admin/add_multi_device.jsp</result>
            <result name="list">${pageContext.request.contextPath}/model/device/list.jsp</result>
            <result name="teacher_admin_list">${pageContext.request.contextPath}/model/teacher_admin/list_device.jsp</result>
            <result name="delete_success" type="redirect">${pageContext.request.contextPath}/model/device/list.html?pg=${pg}</result>
            <result name="update_success" type="redirect">${pageContext.request.contextPath}/model/device/list.html?pg=${pg}</result>
            <result name="to_edit">${pageContext.request.contextPath}/model/teacher_admin/edit_device.jsp</result>
            <result name="to_index">${pageContext.request.contextPath}/index.jsp</result>
            <result name="apply_success">${pageContext.request.contextPath}/index.jsp</result>

        </action>

    </package>

</struts>
