<?xml version="1.0" encoding="UTF-8" ?>
<!DOCTYPE struts PUBLIC
        "-//Apache Software Foundation//DTD Struts Configuration 2.5//EN"
        "http://struts.apache.org/dtds/struts-2.5.dtd">

<struts>

    <package name="dorm" namespace="/model/dorm" extends="struts-default">

        <interceptors>
            <interceptor name="statusInterceptor"
                         class="com.muhuan.utils.interceptor.StatusInterceptor" />
            <interceptor-stack name="deviceInterceptor">
                <interceptor-ref name="statusInterceptor"/>
                <interceptor-ref name="defaultStack"/>
            </interceptor-stack>
        </interceptors>

        <!-- 全局结果视图 -->
        <global-results>
            <result name="to_login">${pageContext.request.contextPath}/login.jsp</result>
            <result name="system_error">/WEB-INF/syspg/eropg.jsp</result>
        </global-results>

        <!--允许使用统配符-->
        <global-allowed-methods>regex:.*</global-allowed-methods>

        <!-- 全局异常处理 -->
        <global-exception-mappings>
            <exception-mapping result="system_error" exception="java.lang.Exception"/>
        </global-exception-mappings>
        <action name="for-*" class="com.muhuan.actions.DormAction" method="{1}">
            <interceptor-ref name="deviceInterceptor"/>
            <result name="login_success" type="redirect">${pageContext.request.contextPath}/index.jsp</result>
            <result name="logout_success" type="redirect">${pageContext.request.contextPath}/index.jsp</result>
        </action>

    </package>

</struts>
