<?xml version="1.0" encoding="UTF-8" ?>
<!DOCTYPE struts PUBLIC
        "-//Apache Software Foundation//DTD Struts Configuration 2.5//EN"
        "http://struts.apache.org/dtds/struts-2.5.dtd">

<struts>

    <package name="student" namespace="/model/student" extends="struts-default">

        <interceptors>
            <interceptor name="statusInterceptor"
                         class="com.muhuan.utils.interceptor.StatusInterceptor" />
            <interceptor-stack name="studentInterceptor">
                <interceptor-ref name="statusInterceptor"/>
                <interceptor-ref name="defaultStack"/>
            </interceptor-stack>
        </interceptors>

        <!-- 全局结果视图 -->
        <global-results>
            <result name="system_error">/WEB-INF/syspg/eropg.jsp</result>
            <result name="to_login" type="redirect">${pageContext.request.contextPath}/login.jsp</result>
            <result name="to_index" type="redirect">${pageContext.request.contextPath}/index.jsp</result>

        </global-results>

        <!--允许使用统配符-->
        <global-allowed-methods>regex:.*</global-allowed-methods>

        <!-- 全局异常处理 -->
        <!--<global-exception-mappings>-->
            <!--<exception-mapping result="system_error" exception="java.lang.Exception"/>-->
        <!--</global-exception-mappings>-->
        <action name="*" class="com.muhuan.actions.StudentAction" method="{1}">
            <interceptor-ref name="studentInterceptor"/>
            <result name="to_evaluation_page">${pageContext.request.contextPath}/model/student/evaluation_course.jsp?pg=${pg}</result>
            <result name="course_list">${pageContext.request.contextPath}/model/student/course_list.jsp?pg=${pg}</result>
            <result name="evaluation_course_list">${pageContext.request.contextPath}/model/student/evaluation_course_list.jsp?pg=${pg}</result>
            <result name="apply_success" type="redirect">${pageContext.request.contextPath}/model/device/list.html?pg=${pg}</result>
            <result name="apply_fail" type="redirect">${pageContext.request.contextPath}/model/device/list.html?pg=${pg}</result>
            <result name="evaluation_success" type="redirect">${pageContext.request.contextPath}/model/student/evaluationCourse.html?pg=1</result>
            <result name="register_dormitory" type="redirect">${pageContext.request.contextPath}/model/student/success.jsp</result>
            <result name="already_register">${pageContext.request.contextPath}/index.jsp</result>
            <result name="apply_exchange_dormitory">${pageContext.request.contextPath}/index.jsp</result>
            <result name="classroom_list">${pageContext.request.contextPath}/model/student/classroom_list.jsp</result>
            <result name="device_list">${pageContext.request.contextPath}/model/student/device_list.jsp</result>
            <result name="logistics_list">${pageContext.request.contextPath}/model/student/logistics_list.jsp</result>
            <result name="success_detail">${pageContext.request.contextPath}/model/student/detail.jsp</result>

        </action>

    </package>

</struts>
