<?xml version="1.0" encoding="UTF-8" ?>
<!DOCTYPE struts PUBLIC
        "-//Apache Software Foundation//DTD Struts Configuration 2.5//EN"
        "http://struts.apache.org/dtds/struts-2.5.dtd">

<struts>

    <package name="teaching" namespace="/model/teaching" extends="struts-default">

        <!-- 全局结果视图 -->
        <global-results>
            <result name="system_error">/WEB-INF/syspg/eropg.jsp</result>
        </global-results>

        <!--允许使用统配符-->
        <global-allowed-methods>regex:.*</global-allowed-methods>

        <!-- 全局异常处理 -->
        <global-exception-mappings>
            <exception-mapping result="system_error" exception="java.lang.Exception"/>
        </global-exception-mappings>
        <action name="*" class="com.muhuan.actions.TeacherAction" method="{1}">
            <result name="prove_success" type="redirect">${pageContext.request.contextPath}/model/teacher/device_apply_prove_list.jsp?pg=${pg}</result>
            <result name="disprove_success" type="redirect">${pageContext.request.contextPath}/model/teacher/proveDeviceApplyList.html?pg=${pg}</result>
            <result name="list">${pageContext.request.contextPath}/model/teacher/device_apply_prove_list.jsp</result>
        </action>

    </package>

</struts>
