<?xml version="1.0" encoding="UTF-8" ?>
<!DOCTYPE struts PUBLIC
        "-//Apache Software Foundation//DTD Struts Configuration 2.5//EN"
        "http://struts.apache.org/dtds/struts-2.5.dtd">

<struts>

    <package name="teacher" namespace="/model/teacher" extends="struts-default">

        <interceptors>
            <interceptor name="statusInterceptor"
                         class="com.muhuan.utils.interceptor.StatusInterceptor" />
            <interceptor-stack name="teacherInterceptor">
                <interceptor-ref name="statusInterceptor"/>
                <interceptor-ref name="defaultStack"/>
            </interceptor-stack>
        </interceptors>

        <!-- 全局结果视图 -->
        <global-results>
            <result name="system_error">/WEB-INF/syspg/eropg.jsp</result>

            <result name="to_login" type="redirect">${pageContext.request.contextPath}/login.jsp</result>
            <result name="to_index" type="redirect">${pageContext.request.contextPath}/index.jsp</result>
        </global-results>

        <!--允许使用统配符-->
        <global-allowed-methods>regex:.*</global-allowed-methods>

        <!-- 全局异常处理 -->
        <global-exception-mappings>
            <exception-mapping result="system_error" exception="java.lang.Exception"/>
        </global-exception-mappings>
        <action name="*" class="com.muhuan.actions.TeacherAction" method="{1}">
            <interceptor-ref name="teacherInterceptor"/>
            <result name="prove_success" type="redirect">${pageContext.request.contextPath}/model/teacher/proveDeviceApplyList.html?pg=${pg}</result>
            <result name="disprove_success" type="redirect">${pageContext.request.contextPath}/model/teacher/proveDeviceApplyList.html?pg=${pg}</result>
            <result name="prove_classroom_success" type="redirect">${pageContext.request.contextPath}/model/teacher/proveClassroomApplyList.html?pg=${pg}</result>
            <result name="disprove_classroom_success" type="redirect">${pageContext.request.contextPath}/model/teacher/disproveClassroomApplyList.html?pg=${pg}</result>
            <result name="list">${pageContext.request.contextPath}/model/teacher/device_apply_prove_list.jsp</result>
            <result name="prove_classroom_list">${pageContext.request.contextPath}/model/teacher/classroom_apply_prove_list.jsp</result>
        </action>

    </package>

</struts>
