<?xml version="1.0" encoding="UTF-8" ?>
<!DOCTYPE struts PUBLIC
        "-//Apache Software Foundation//DTD Struts Configuration 2.5//EN"
        "http://struts.apache.org/dtds/struts-2.5.dtd">

<struts>

    <package name="teacher_admin" namespace="/model/teacher_admin" extends="struts-default,json-default">

        <!--<interceptors>-->
            <!--<interceptor name="statusInterceptor"-->
                         <!--class="com.muhuan.utils.interceptor.StatusInterceptor" />-->
            <!--<interceptor-stack name="teacherAdminInterceptor">-->
                <!--<interceptor-ref name="statusInterceptor"/>-->
                <!--<interceptor-ref name="defaultStack"/>-->
            <!--</interceptor-stack>-->
        <!--</interceptors>-->
        <!-- 全局结果视图 -->
        <global-results>
            <result name="system_error">/WEB-INF/syspg/eropg.jsp</result>
            <result name="to_login" type="redirect">${pageContext.request.contextPath}/login.jsp</result>
            <result name="to_index" type="redirect">${pageContext.request.contextPath}/index.jsp</result>
        </global-results>

        <!--允许使用统配符-->
        <global-allowed-methods>regex:.*</global-allowed-methods>

        <!-- 全局异常处理 -->
        <!--<global-exception-mappings>-->
            <!--<exception-mapping result="system_error" exception="java.lang.Exception"/>-->
        <!--</global-exception-mappings>-->
        <action name="*" class="com.muhuan.actions.TeacherAdminAction" method="{1}">
            <!--<interceptor-ref name="teacherAdminInterceptor"/>-->
            <result name="prove_device_success" type="redirect">${pageContext.request.contextPath}/model/teacher_admin/proveDeviceApplyList.html?pg=${pg}</result>
            <result name="prove_classroom_success" type="redirect">${pageContext.request.contextPath}/model/teacher_admin/proveClassroomApplyList.html?pg=${pg}</result>
            <result name="prove_classroom_apply_list">${pageContext.request.contextPath}/model/teacher_admin/classroom_apply_prove_list.jsp</result>
            <result name="disprove_classroom_apply_list" type="redirect">${pageContext.request.contextPath}/model/teacher_admin/proveClassroomApplyList.html?pg=${pg}</result>

            <result name="prove_dorm_exchange_apply_list">${pageContext.request.contextPath}/model/teacher_admin/dorm_exchange_apply_prove_list.jsp?pg=${pg}</result>
            <result name="prove_dorm_exchange_apply" type="redirect">${pageContext.request.contextPath}/model/teacher_admin/proveDormExchangeApplyList.html?pg=${pg}</result>
            <result name="list">${pageContext.request.contextPath}/model/teacher_admin/device_apply_prove_list.jsp</result>
            <result name="success" type="redirect">${pageContext.request.contextPath}/index.jsp</result>
            <result name="student_list">${pageContext.request.contextPath}/model/admin/student-list.jsp</result>
            <result name="student_edit">${pageContext.request.contextPath}/model/admin/student-edit.jsp</result>
            <result name="success_student_edit">${pageContext.request.contextPath}/model/teacher_admin/editStudent.do?</result>
            <result name="teacher_list">${pageContext.request.contextPath}/model/admin/teacher-list.jsp</result>
            <result name="teacher_edit">${pageContext.request.contextPath}/model/admin/teacher-edit.jsp</result>
            <result name="success_teacher_edit">${pageContext.request.contextPath}/model/teacher_admin/editTeacher.do?</result>
            <result name="worker_list">${pageContext.request.contextPath}/model/admin/worker-list.jsp</result>
            <result name="worker_edit">${pageContext.request.contextPath}/model/admin/worker-edit.jsp</result>
            <result name="success_worker_edit">${pageContext.request.contextPath}/model/teacher_admin/editWorker.do?</result>
            <result name="classroom_list">${pageContext.request.contextPath}/model/teacher_admin/classroom_list.jsp</result>
            <result name="device_list">${pageContext.request.contextPath}/model/teacher_admin/device_list.jsp</result>
            <result name="logistics_list">${pageContext.request.contextPath}/model/teacher_admin/logistics_list.jsp</result>
            <result name="success_detail">${pageContext.request.contextPath}/model/teacher_admin/detail.jsp</result>
            <result name="success_student_add">${pageContext.request.contextPath}/model/admin/student-add.jsp</result>
            <result name="success_teacher_add">${pageContext.request.contextPath}/model/admin/teacher-add.jsp</result>
            <result name="success_worker_add">${pageContext.request.contextPath}/model/admin/member-add.jsp</result>
            <result name="json" type="json">
                <param name="root">dataMap</param>
            </result>
        </action>

    </package>

</struts>
