<?xml version="1.0" encoding="UTF-8"?>
<beans xmlns="http://www.springframework.org/schema/beans"
       xmlns:xsi="http://www.w3.org/2001/XMLSchema-instance" xmlns:context="http://www.springframework.org/schema/context"
       xmlns:tx="http://www.springframework.org/schema/tx"
       xsi:schemaLocation="
       http://www.springframework.org/schema/tx
    http://www.springframework.org/schema/tx/spring-tx-3.0.xsd
    http://www.springframework.org/schema/beans
    http://www.springframework.org/schema/beans/spring-beans-3.0.xsd
    http://www.springframework.org/schema/context
    http://www.springframework.org/schema/context/spring-context-3.0.xsd"
       default-autowire="byName" default-lazy-init="true">


    <!-- 自动扫描dao和service包(自动注入) -->
    <context:component-scan base-package="com.muhuan" />


    <!-- 引入属性文件 -->
    <context:property-placeholder location="classpath:database.properties" />
    <!-- 使用C3P0数据源，MySQL数据库 -->
    <bean id="dataSource" class="com.mchange.v2.c3p0.ComboPooledDataSource"
          destroy-method="close">
        <!-- MySQL5 -->
        <property name="driverClass" value="${driverClassName}"/>
        <property name="jdbcUrl" value="${url}"/>
        <property name="user" value="${username}"/>
        <property name="password" value="${password}"/>
        <property name="maxPoolSize" value="40"/>
        <property name="minPoolSize" value="1"/>
        <property name="initialPoolSize" value="1"/>
        <property name="maxIdleTime" value="20"/>
    </bean>


    <!-- session工厂 -->
    <bean id="sessionFactory"
          class="org.springframework.orm.hibernate5.LocalSessionFactoryBean">
        <property name="dataSource" ref="dataSource" />
        <property name="configLocation" value="classpath:hibernate.cfg.xml"/>

        <!--打印配置-->
        <property name="hibernateProperties">
            <props>
                <prop key="hibernate.hbm2ddl.auto">${hibernate.hbm2ddl.auto}</prop>
                <prop key="hibernate.dialect">${hibernate.dialect}</prop>
                <prop key="hibernate.show_sql">${hibernate.show_sql}</prop>
                <prop key="hibernate.format_sql">${hibernate.format_sql}</prop>
            </props>
        </property>

    </bean>

    <!-- 配置事务管理器 -->
    <bean name="txManager"
          class="org.springframework.orm.hibernate5.HibernateTransactionManager">
        <property name="sessionFactory" ref="sessionFactory"/>
    </bean>
    <!--注解方式配置事务-->
    <tx:annotation-driven transaction-manager="txManager" />


</beans>