<?xml version="1.0" encoding="UTF-8"?>
<!DOCTYPE hibernate-configuration PUBLIC
        "-//Hibernate/Hibernate Configuration DTD 3.0//EN"
        "http://www.hibernate.org/dtd/hibernate-configuration-3.0.dtd">

<hibernate-configuration>
    <session-factory>

        <!-- hibernate.connection.autocommit: 事务自动提交  -->
        <property name="hibernate.connection.autocommit">true</property>

        <!-- 将Session与线程绑定=> 只有配置了该配置,才能使用getCurrentSession -->
        <property name="hibernate.current_session_context_class">org.springframework.orm.hibernate5.SpringSessionContext</property>

        <!--映射-->
        <mapping class="com.muhuan.model.basic.Course"/>
        <mapping class="com.muhuan.model.school.Building"/>
        <mapping class="com.muhuan.model.util.UploadFile"/>
        <mapping class="com.muhuan.model.flow.LogisticsRepairSheet"/>
        <mapping class="com.muhuan.model.flow.DormExchangeSheet"/>
        <mapping class="com.muhuan.model.school.BuildingType"/>
        <mapping class="com.muhuan.model.basic.EvaluationCard"/>
        <mapping class="com.muhuan.model.basic.EvaluationItem"/>
        <mapping class="com.muhuan.model.flow.DeviceApplySheet"/>
        <mapping class="com.muhuan.model.flow.DeviceApplyReceiptSheet"/>
        <mapping class="com.muhuan.model.flow.ClassroomApplySheet"/>
        <mapping class="com.muhuan.model.basic.Device"/>
        <mapping class="com.muhuan.model.basic.DevicePicture"/>
        <mapping class="com.muhuan.model.basic.Assn"/>
        <mapping class="com.muhuan.model.system.Administrator"/>
        <mapping class="com.muhuan.model.system.School"/>
        <mapping class="com.muhuan.model.school.Global"/>
        <mapping class="com.muhuan.model.util.SchoolFile"/>
        <mapping class="com.muhuan.model.school.Student"/>
        <mapping class="com.muhuan.model.school.Teacher"/>
        <mapping class="com.muhuan.model.school.Identity"/>
        <mapping class="com.muhuan.model.school.Worker"/>
        <mapping class="com.muhuan.model.school.Department"/>
        <mapping class="com.muhuan.model.school.Major"/>
        <mapping class="com.muhuan.model.basic.Dormitory"/>
        <mapping class="com.muhuan.model.basic.Sys_setting"/>
    </session-factory>

</hibernate-configuration>