<?xml version="1.0" encoding="UTF-8"?>

<!DOCTYPE struts PUBLIC
        "-//Apache Software Foundation//DTD Struts Configuration 2.5//EN"
        "http://struts.apache.org/dtds/struts-2.5.dtd">


<struts>
    <constant name="struts.i18n.encoding" value="UTF-8"/>
    <!-- 将Action交给spring容器管理 -->
    <constant name="struts.objectFactory" value="spring" />
    <!-- 设 置浏览器是否缓存静态内容，默认值为true（生产环境下使用），开发阶段最好 关闭 -->
    <constant name="struts.serve.static.browserCache " value="false" />
    <!-- 模式为开发模式，修改xml配置文件会自动加载，项目交付的时候设置为false,以免影响性能 -->
    <constant name="struts.devMode" value="true" />
    <!--修改xml文件自动生效, 项目交付是设置为False-->
    <constant name="struts.configuration.xml.reload" value="true" />
    <!-- 字符集编码 -->
    <constant name="struts.enable.DynamicMethodInvocation" value="true" />
    <!--指定struts2中的action由Spring容器创建-->
    <constant name="struts.objectFactory" value="spring"/>
    <!--配置可以action处理的url后缀-->
    <constant name="struts.action.extension" value="do,action,html"/>
    <!--文件上传总大小不超过100M-->
    <constant name="struts.multipart.maxSize" value="100000000"/>
    <package name="main" namespace="/" extends="struts-default,json-default">
        
        <interceptors>
            <interceptor name="beforeLoginInterceptor" class="com.muhuan.utils.interceptor.BeforeLoginInterceptor"/>
            <interceptor-stack name="mainIntercept">
                <interceptor-ref name="beforeLoginInterceptor"/>
                <interceptor-ref name="defaultStack"/>
            </interceptor-stack>
        </interceptors>

        <!-- 全局结果视图 -->
        <global-results>
            <result name="system_error">/WEB-INF/syspg/eropg.jsp</result>
            <result name="to_index">${pageContext.request.contextPath}/index.jsp</result>

        </global-results>

        <!--允许使用统配符-->
        <global-allowed-methods>regex:.*</global-allowed-methods>

        <!-- 全局异常处理 -->
        <!--<global-exception-mappings>-->
            <!--<exception-mapping result="system_error" exception="java.lang.Exception"/>-->

        <!--</global-exception-mappings>-->

        <action name="system*" class="com.muhuan.actions.SystemAction" method="{1}">
            <interceptor-ref name="mainIntercept"/>
            <result name="redirect_login_page" type="redirect">/login.jsp</result>
            <result name="redirect_admin_login_page" type="redirect">/login_admin.jsp</result>
            <result name="website_admin_login_success" type="redirect">/model/admin/index.jsp</result>
            <result name="teacher_admin_login_success" type="redirect">/model/teacher_admin/index.jsp</result>
            <result name="system_loadkey" type="redirect">/systemloadkey.do</result>
            <result name="reg_error">WEB-INF/views/error.jsp</result>
            <result name="login_success" type="redirect">/index.jsp</result>
            <result name="logout_success" type="redirect">/index.jsp</result>
            <result name="success" type="json">
                <param name="root">dataMap</param>
            </result>

        </action>
    </package>

    <!--分模块-->
    <!--学生-->
    <include file="struts/student.xml"/>
    <!--宿舍模块-->
    <include file="struts/dorm.xml"/>
    <!--设备模块-->
    <include file="struts/device.xml"/>
    <!--管理-->
    <include file="struts/teacher_admin.xml"/>
    <!--老师-->
    <include file="struts/teacher.xml"/>
    <!--教学-->
    <include file="struts/teaching.xml"/>
    <!--后勤-->
    <include file="struts/logistics.xml"/>
    <!--工人-->
    <include file="struts/worker.xml"/>
    <!--教室-->
    <include file="struts/classroom.xml"/>
    <!--水电-->
    <include file="struts/electric.xml"/>
    <!--社团组织-->
    <include file="struts/assn.xml"/>
    <!--场地-->
    <include file="struts/area.xml"/>


</struts>